insert into designation_t (DESIGNATION_ID, DESIGNATION_DESCRIPTION) values ('1', 'Dean');
insert into designation_t (DESIGNATION_ID, DESIGNATION_DESCRIPTION) values ('2', 'Professor');
insert into designation_t (DESIGNATION_ID, DESIGNATION_DESCRIPTION) values ('3', 'Associate Professor');
insert into designation_t (DESIGNATION_ID, DESIGNATION_DESCRIPTION) values ('4', 'Assisant');

insert into employee_t (FIRST_NAME, LAST_NAME, DESIGNATION_ID) values ('Auke', 'Luan', 1);
insert into employee_t (FIRST_NAME, LAST_NAME, DESIGNATION_ID) values ('Oscar', 'Stafford', 1);
insert into employee_t (FIRST_NAME, LAST_NAME, DESIGNATION_ID) values ('Fang', 'Abramson', 1);
insert into employee_t (FIRST_NAME, LAST_NAME, DESIGNATION_ID) values ('Mahalath', 'Van Daalen', 2);
insert into employee_t (FIRST_NAME, LAST_NAME, DESIGNATION_ID) values ('Oliver', 'Francis', 2);
insert into employee_t (FIRST_NAME, LAST_NAME, DESIGNATION_ID) values ('Aoide', 'Gilliam', 2);
insert into employee_t (FIRST_NAME, LAST_NAME, DESIGNATION_ID) values ('Sakurako', 'Asenov', 2);
insert into employee_t (FIRST_NAME, LAST_NAME, DESIGNATION_ID) values ('Ioudas', 'Naaji', 2);
insert into employee_t (FIRST_NAME, LAST_NAME, DESIGNATION_ID) values ('Finnguala', 'Engberg', 2);
insert into employee_t (FIRST_NAME, LAST_NAME, DESIGNATION_ID) values ('Vasilios', 'Ryder', 3);
insert into employee_t (FIRST_NAME, LAST_NAME, DESIGNATION_ID) values ('Carlota', 'Emmitt', 3);
insert into employee_t (FIRST_NAME, LAST_NAME, DESIGNATION_ID) values ('Valter', 'Travers', 3);
insert into employee_t (FIRST_NAME, LAST_NAME, DESIGNATION_ID) values ('Svetomir', 'Rees', 3);
insert into employee_t (FIRST_NAME, LAST_NAME, DESIGNATION_ID) values ('Leif', 'Strudwick', 3);
insert into employee_t (FIRST_NAME, LAST_NAME, DESIGNATION_ID) values ('Ileana', 'Mah', 3);
insert into employee_t (FIRST_NAME, LAST_NAME, DESIGNATION_ID) values ('Tessouat', 'Baxter', 4);
insert into employee_t (FIRST_NAME, LAST_NAME, DESIGNATION_ID) values ('Augusto', 'Rafferty', 4);
insert into employee_t (FIRST_NAME, LAST_NAME, DESIGNATION_ID) values ('Sanjay', 'Kramer', 4);
insert into employee_t (FIRST_NAME, LAST_NAME, DESIGNATION_ID) values ('Rachel', 'Pender', 4);
insert into employee_t (FIRST_NAME, LAST_NAME, DESIGNATION_ID) values ('Mahendra', 'Araullo', 4);
insert into employee_t (FIRST_NAME, LAST_NAME, DESIGNATION_ID) values ('Kamal', 'Jans', 4);

insert into salary_t (QUANTITY, EMPLOYEE_ID) values (5323, 1);
insert into salary_t (QUANTITY, EMPLOYEE_ID) values (5600, 2);
insert into salary_t (QUANTITY, EMPLOYEE_ID) values (5639, 3);
insert into salary_t (QUANTITY, EMPLOYEE_ID) values (3825, 4);
insert into salary_t (QUANTITY, EMPLOYEE_ID) values (4388, 5);
insert into salary_t (QUANTITY, EMPLOYEE_ID) values (3966, 6);
insert into salary_t (QUANTITY, EMPLOYEE_ID) values (3929, 7);
insert into salary_t (QUANTITY, EMPLOYEE_ID) values (3706, 8);
insert into salary_t (QUANTITY, EMPLOYEE_ID) values (3642, 9);
insert into salary_t (QUANTITY, EMPLOYEE_ID) values (2648, 10);
insert into salary_t (QUANTITY, EMPLOYEE_ID) values (2474, 11);
insert into salary_t (QUANTITY, EMPLOYEE_ID) values (2619, 12);
insert into salary_t (QUANTITY, EMPLOYEE_ID) values (2165, 13);
insert into salary_t (QUANTITY, EMPLOYEE_ID) values (2663, 14);
insert into salary_t (QUANTITY, EMPLOYEE_ID) values (2625, 15);
insert into salary_t (QUANTITY, EMPLOYEE_ID) values (1502, 16);
insert into salary_t (QUANTITY, EMPLOYEE_ID) values (1075, 17);
insert into salary_t (QUANTITY, EMPLOYEE_ID) values (924, 18);
insert into salary_t (QUANTITY, EMPLOYEE_ID) values (1188, 19);
insert into salary_t (QUANTITY, EMPLOYEE_ID) values (1589, 20);
insert into salary_t (QUANTITY, EMPLOYEE_ID) values (966, 21);

insert into department_t(DEPARTMENT_CODE, DEPARTMENT_DESCRIPTION) values ('DOaG', 'Drilling, Oil and Gas');
insert into department_t(DEPARTMENT_CODE, DEPARTMENT_DESCRIPTION) values ('MEaICS', 'Metals Engineering and Industrial Computer Science');
insert into department_t(DEPARTMENT_CODE, DEPARTMENT_DESCRIPTION) values ('MEaR', 'Mechanical Engineering and Robotics');

insert into department_employee_t(DEPARTMENT_ID, EMPLOYEE_ID) values (1, 1);
insert into department_employee_t(DEPARTMENT_ID, EMPLOYEE_ID) values (2, 2);
insert into department_employee_t(DEPARTMENT_ID, EMPLOYEE_ID) values (3, 3);
insert into department_employee_t(DEPARTMENT_ID, EMPLOYEE_ID) values (1, 4);
insert into department_employee_t(DEPARTMENT_ID, EMPLOYEE_ID) values (1, 5);
insert into department_employee_t(DEPARTMENT_ID, EMPLOYEE_ID) values (1, 6);
insert into department_employee_t(DEPARTMENT_ID, EMPLOYEE_ID) values (1, 10);
insert into department_employee_t(DEPARTMENT_ID, EMPLOYEE_ID) values (1, 11);
insert into department_employee_t(DEPARTMENT_ID, EMPLOYEE_ID) values (1, 12);
insert into department_employee_t(DEPARTMENT_ID, EMPLOYEE_ID) values (1, 16);
insert into department_employee_t(DEPARTMENT_ID, EMPLOYEE_ID) values (1, 17);
insert into department_employee_t(DEPARTMENT_ID, EMPLOYEE_ID) values (1, 18);
insert into department_employee_t(DEPARTMENT_ID, EMPLOYEE_ID) values (2, 4);
insert into department_employee_t(DEPARTMENT_ID, EMPLOYEE_ID) values (2, 7);
insert into department_employee_t(DEPARTMENT_ID, EMPLOYEE_ID) values (2, 8);
insert into department_employee_t(DEPARTMENT_ID, EMPLOYEE_ID) values (2, 10);
insert into department_employee_t(DEPARTMENT_ID, EMPLOYEE_ID) values (2, 13);
insert into department_employee_t(DEPARTMENT_ID, EMPLOYEE_ID) values (2, 15);
insert into department_employee_t(DEPARTMENT_ID, EMPLOYEE_ID) values (2, 16);
insert into department_employee_t(DEPARTMENT_ID, EMPLOYEE_ID) values (2, 19);
insert into department_employee_t(DEPARTMENT_ID, EMPLOYEE_ID) values (2, 20);
insert into department_employee_t(DEPARTMENT_ID, EMPLOYEE_ID) values (3, 5);
insert into department_employee_t(DEPARTMENT_ID, EMPLOYEE_ID) values (3, 7);
insert into department_employee_t(DEPARTMENT_ID, EMPLOYEE_ID) values (3, 9);
insert into department_employee_t(DEPARTMENT_ID, EMPLOYEE_ID) values (3, 12);
insert into department_employee_t(DEPARTMENT_ID, EMPLOYEE_ID) values (3, 14);
insert into department_employee_t(DEPARTMENT_ID, EMPLOYEE_ID) values (3, 11);
insert into department_employee_t(DEPARTMENT_ID, EMPLOYEE_ID) values (3, 18);
insert into department_employee_t(DEPARTMENT_ID, EMPLOYEE_ID) values (3, 19);
insert into department_employee_t(DEPARTMENT_ID, EMPLOYEE_ID) values (3, 21);


